original_composition,status,material_id,e_above_hull,saved_filename
Li2OHBr,Success,mp-753690,0.0,Li2OHBr_mp-753690.cif
Li2.4OH0.6Cl,Success,mp-1120754,0.0,Li2.4OH0.6Cl_mp-1120754.cif
Li2.1OH0.9Cl,Success,mp-1120754,0.0,Li2.1OH0.9Cl_mp-1120754.cif
Li2OHCl,Success,mp-1120754,0.0,Li2OHCl_mp-1120754.cif
Li2.7OH0.3Cl,Success,mp-1120754,0.0,Li2.7OH0.3Cl_mp-1120754.cif
Li6PO5Cl,Success,mp-1104386,0.006714863269232,Li6PO5Cl_mp-1104386.cif
Li7La3Zr2O12,Success,mp-942733,0.006846009531249001,Li7La3Zr2O12_mp-942733.cif
Li3.4Si0.4P0.6S4,Success,mp-720509,0.006719743,Li3.4Si0.4P0.6S4_mp-720509.cif
Li6.4La3Zr1.4Ta0.6O12,Not Found,,,
Li7.06La3Zr1.94Y0.06O12,Not Found,,,
 Li6.4Al0.19La3Zr2O11.8,Not Found,,,
La0.57Li0.29TiO3,Success,mp-9406,0.020434331617655,La0.57Li0.29TiO3_mp-9406.cif
Li6.5La3Zr1.75Te0.25O12,Not Found,,,
Li9.6P3S12,Success,mp-985583,0.0,Li9.6P3S12_mp-985583.cif
Li1.3Al0.3Ti1.7(PO4)3,Not Found,,,
Li1.2Ti1.8Sc0.2(PO4)3,Success,mp-695286,0.628393627136075,Li1.2Ti1.8Sc0.2(PO4)3_mp-695286.cif
Li1.6Al0.6Ge0.8(PO4)3,Not Found,,,
Li6.55La3Zr2Ga0.9O12,Not Found,,,
LiTi2(PO4)3,Success,mp-18640,0.0,LiTi2(PO4)3_mp-18640.cif
Li9.54Si1.74P1.44S11.7Cl0.3,Success,mp-1097035,0.030538372299999002,Li9.54Si1.74P1.44S11.7Cl0.3_mp-1097035.cif
Li10GeP2S12,Success,mp-696138,0.0187605339,Li10GeP2S12_mp-696138.cif
Li7P3S11,Success,mp-641703,0.019883183531745,Li7P3S11_mp-641703.cif
Li1.4Al0.4Ti1.6(PO4)3,Not Found,,,
Li6.46Al0.15La3Zr1.95O11.86,Not Found,,,
Li3.25Ge0.25P0.75S4,Success,mp-696138,0.0187605339,Li3.25Ge0.25P0.75S4_mp-696138.cif
Li6.5La2.9Ba0.1Zr1.4Ta0.6O12,Not Found,,,
Li6.5La3Zr1.5Ta0.5O12,Not Found,,,
La0.55Li0.361Ti0.995Al0.005O3,Not Found,,,
La0.55Li0.36Ti0.992Al0.008O3,Not Found,,,
Li0.022 La0.117 Ti0.208 Al0.001 O0.626,Not Found,,,
Li0.24La0.59TiO3,Success,mp-9406,0.020434331617655,Li0.24La0.59TiO3_mp-9406.cif
Li0.33La0.56Ti0.96Al0.04O2.96F0.04,Not Found,,,
"""(Li2S)0.5 ((P2S5)0.4 (Sb2S3)0.6)0.5""",Not Found,,,
"""(Li2S)0.3 ((P2S5)0.4 (Sb2S3)0.6)0.7""",Not Found,,,
"""(Li2S)0.4 ((P2S5)0.4 (Sb2S3)0.6)0.6""",Not Found,,,
Li6.25Ba1.25La1.75Ta2O12,Not Found,,,
Li5La3Ta2O12,Success,mp-559776,0.294818232386356,Li5La3Ta2O12_mp-559776.cif
LiP0.9I0.1O2.7,Not Found,,,
"""(LiCl)0.5 (P2O5)0.5""",Not Found,,,
Li0.5La0.5TiO3,Success,mp-9406,0.020434331617655,Li0.5La0.5TiO3_mp-9406.cif
"""(Li2O)50 (Al2O3)2 (P2O5)48""",Not Found,,,
"""(Li2O)50 (Al2O3)3 (P2O5)47""",Not Found,,,
"""(Li2O)50 (Al2O3)4 (P2O5)46""",Not Found,,,
"""(LiI)0.3 ((Li2S)0.3 ((Ga2S3)0.1 (GeS2)0.9)0.7)0.7""",Not Found,,,
"""(Li2S)0.3 ((Ga2S3)0.1 (GeS2)0.9)0.7""",Not Found,,,
"""(Li2S)0.7 (P2S5)0.3""",Not Found,,,
"""(Li2S)0.8 (P2S5)0.2""",Not Found,,,
"""(Li2S)0.875 (P2S5)0.125""",Not Found,,,
"""(LiCl)0.25 ((Li2O)0.6 (P2O5)0.4)0.75""",Not Found,,,
Li0.7Al0.3Ti1.7(PO4)3,Not Found,,,
Li1.4S2.2P0.6,Success,mp-985583,0.0,Li1.4S2.2P0.6_mp-985583.cif
Li1.4Al0.4(Ge0.67Ti0.33)1.6(PO4)3,Not Found,,,
"""(Li2S)0.5 ((Ga2S3)0.1 (GeS2)0.9)0.5""",Not Found,,,
"""(Li2S)0.4 ((Ga2S3)0.1 (GeS2)0.9)0.6""",Not Found,,,
Li6La2SrNb2O12,Success,mp-686239,0.103866922356648,Li6La2SrNb2O12_mp-686239.cif
Li0.1Na0.1La0.6TiO3,Success,mp-676447,0.025497709541649,Li0.1Na0.1La0.6TiO3_mp-676447.cif
Li6BaLa2Ta2O12 ,Not Found,,,
Li6CaLa2Ta2O12,Not Found,,,
Li7La3Ta2O13,Success,mp-15901,0.042852078211108,Li7La3Ta2O13_mp-15901.cif
Li4.2Ge0.8Ga0.2S4,Success,mp-554782,0.035432831306818,Li4.2Ge0.8Ga0.2S4_mp-554782.cif
Li1.076Al0.6923Ti1.462(PO4)3,Not Found,,,
Li1.5Al0.5Ge1.5(PO4)3,Not Found,,,
LiGe2(PO4)3,Success,mp-541272,0.009428664953696,LiGe2(PO4)3_mp-541272.cif
Li4Nd3TeSbO12,Success,mp-677490,0.012100683214290002,Li4Nd3TeSbO12_mp-677490.cif
"""(Li2O)50 (LiF)20 (P2O5)30""",Not Found,,,
Li9SiAlO8,Success,mp-1020023,0.0,Li9SiAlO8_mp-1020023.cif
Li6BaLa2Ta2O12,Not Found,,,
Li6SrLa2Ta2O12,Success,mp-1235205,0.19305166741537702,Li6SrLa2Ta2O12_mp-1235205.cif
Li6Sr0.5Ba0.5La2Ta2O12,Not Found,,,
Li3.2Ge0.2P0.8S4,Success,mp-696138,0.0187605339,Li3.2Ge0.2P0.8S4_mp-696138.cif
Li6.75La3Zr1.75Ta0.25O12,Not Found,,,
"""(Li2S)50 (P2S5)17 (LiBH4)33""",Not Found,,,
Li1.3Al0.1Sc0.2Ti1.7(PO4)3,Not Found,,,
Li1.3Al0.2Sc0.1Ti1.7(PO4)3,Not Found,,,
Li1.15Fe0.15Ti1.85(PO4)3,Success,mp-1222972,0.0,Li1.15Fe0.15Ti1.85(PO4)3_mp-1222972.cif
LiHfTi(PO4)3,Not Found,,,
Li0.2Zr1.2Nb0.8(PO4)3,Not Found,,,
Li1.6Ga0.6Ti1.4(PO4)3,Not Found,,,
Li1.2Sc0.2Ti1.8(PO4)3,Success,mp-695286,0.628393627136075,Li1.2Sc0.2Ti1.8(PO4)3_mp-695286.cif
Li1.8Sc0.8Ti1.2(PO4)3,Success,mp-695286,0.628393627136075,Li1.8Sc0.8Ti1.2(PO4)3_mp-695286.cif
Li1.3Sc0.3Ti1.7(PO4)3,Success,mp-695286,0.628393627136075,Li1.3Sc0.3Ti1.7(PO4)3_mp-695286.cif
Li1.1Sc0.1Ti1.9(PO4)3,Success,mp-695286,0.628393627136075,Li1.1Sc0.1Ti1.9(PO4)3_mp-695286.cif
Li1.2Sc0.2Ti1.6Zr0.2(PO4)3,Not Found,,,
Li1.3In0.3Hf1.7(PO4)3,Not Found,,,
LiTi0.2Zr1.8(PO4)3,Not Found,,,
Li1.2Sc0.2Ti0.2Zr1.5(PO4)3,Not Found,,,
LiTi1.8Zr0.2(PO4)3,Not Found,,,
LiTi0.5Zr1.5(PO4)3,Not Found,,,
LiTiZr(PO4)3,Not Found,,,
LiTi0.1Zr1.9(PO4)3,Not Found,,,
Li1.2Al1.1Ta0.9(PO4)3,Not Found,,,
LiAlTa(PO4)3,Not Found,,,
Li1.5Cr0.5Ti1.5(PO4)3,Success,mp-1223017,0.0,Li1.5Cr0.5Ti1.5(PO4)3_mp-1223017.cif
Li1.6Cr0.6Ti1.4(PO4)3,Success,mp-1223017,0.0,Li1.6Cr0.6Ti1.4(PO4)3_mp-1223017.cif
Li1.3Cr0.3Ti1.7 (PO4)3,Success,mp-1223017,0.0,Li1.3Cr0.3Ti1.7 (PO4)3_mp-1223017.cif
Li1.3Cr0.3Ge1.7(PO4)3,Not Found,,,
Li3Al0.4Sc1.6(PO4)3,Not Found,,,
Li1.2Fe0.2Hf1.8(PO4)3,Not Found,,,
Li1.2In0.2Hf1.8(PO4)3,Not Found,,,
Li1.4In0.4Hf1.6(PO4)3,Not Found,,,
Li1.1Fe0.1Hf1.9(PO4)3,Not Found,,,
Li1.2Lu0.2Hf1.8(PO4)3,Not Found,,,
Li1.2Y0.2Hf1.8(PO4)3,Not Found,,,
Li1.1Y0.1Hf1.9(PO4)3,Not Found,,,
Li1.2Sc0.2Hf1.8(PO4)3,Not Found,,,
Li1.3Sc0.3Hf1.7(PO4)3,Not Found,,,
Li1.1Lu0.1Hf1.9(PO4)3,Not Found,,,
Li1.4Y0.4Hf1.6(PO4)3,Not Found,,,
Li1.4Sc0.4Hf1.6(PO4)3,Not Found,,,
Li1.3Fe0.3Hf1.7(PO4)3,Not Found,,,
Li1.3Lu0.3Hf1.7(PO4)3,Not Found,,,
Li1.3Y0.3Hf1.7(PO4)3,Not Found,,,
Li1.1Sc0.1Hf1.9(PO4)3,Not Found,,,
Li1.4Lu0.4Hf1.6(PO4)3,Not Found,,,
Li1.1In0.1Hf1.9(PO4)3,Not Found,,,
Li1.3Cr0.3Hf1.7(PO4)3,Not Found,,,
Li1.2Cr0.2Hf1.8(PO4)3,Not Found,,,
Li1.5Cr0.5Hf1.5(PO4)3,Not Found,,,
Li1.1Cr0.1Hf1.9(PO4)3,Not Found,,,
Li1.3Eu0.3Ti1.7(PO4)3,Not Found,,,
LiZr2(PO4)3,Success,mp-10499,0.0,LiZr2(PO4)3_mp-10499.cif
LiHf2(PO4)3,Not Found,,,
Li1.15Y0.15Zr1.85(PO4)3,Not Found,,,
Li1.02Zr1.98Y0.02(PO4)3,Not Found,,,
Li0.9Zr1.9Nb0.1(PO4)3,Not Found,,,
Li0.98Zr1.98Nb0.02(PO4)3,Not Found,,,
Li1.3Al0.2Y0.1Ti1.7(PO4)3,Not Found,,,
Li1.3Al0.1Y0.2Ti1.7(PO4)3,Not Found,,,
Li1.3Al0.15Y0.15Ti1.7(PO4)3,Not Found,,,
Li1.4Al0.4Ge0.2Ti1.4(PO4)3,Not Found,,,
Li1.4Al0.4Ge1.2Ti0.4(PO4)3,Not Found,,,
Li1.4Al0.4Ge1.6(PO4)3,Not Found,,,
Li2InTi(PO4)3,Success,mp-683616,0.008645864486304,Li2InTi(PO4)3_mp-683616.cif
Li2CrZr(PO4)3,Not Found,,,
Li2CrTi(PO4)3,Success,mp-1223017,0.0,Li2CrTi(PO4)3_mp-1223017.cif
Li2FeTi(PO4)3,Success,mp-1222972,0.0,Li2FeTi(PO4)3_mp-1222972.cif
Li2FeZr(PO4)3,Success,mp-766132,0.0030173771052620004,Li2FeZr(PO4)3_mp-766132.cif
Li2InZr(PO4)3,Not Found,,,
Li2InHf(PO4)3,Not Found,,,
Li1.7Al0.7Ge1.3(PO4)3,Not Found,,,
Li1.6Al0.6Ge1.4(PO4)3,Not Found,,,
Li1.3Al0.3Ge1.7(PO4)3,Not Found,,,
Li1.7Al0.7Ti1.3(PO4)3,Not Found,,,
Li1.1Al0.1Ti1.9(PO4)3,Not Found,,,
Li1.1Al0.1Ge1.9(PO4)3,Not Found,,,
Li1.5Al0.5Ti1.5(PO4)3,Not Found,,,
Li1.05Al0.05Ti1.95(PO4),Not Found,,,
Li1.6Al0.6Ge0.8Ti0.6(PO4)3,Not Found,,,
Li1.4Al0.4Ge1.0Ti0.6(PO4)3,Not Found,,,
Li1.8Al0.8Ge0.8Ti0.4(PO4)3,Not Found,,,
Li1.4Al0.4Ge0.8Ti0.8(PO4)3,Not Found,,,
Li1.6Al0.6Ge1.0Ti0.4(PO4)3,Not Found,,,
Li1.2Al0.2Ge0.8Ti(PO4)3,Not Found,,,
Li1.2Al0.2Ge1.0Ti0.8(PO4)3,Not Found,,,
Li1.8Al0.8Ge1.0Ti0.2(PO4)3,Not Found,,,
LiCrSb(PO4)3,Success,mp-758334,0.06380648881249701,LiCrSb(PO4)3_mp-758334.cif
LiAlSb(PO4)3,Not Found,,,
LiFeSb(PO4)3,Success,mp-776746,0.013280760899127001,LiFeSb(PO4)3_mp-776746.cif
Li1.2Y0.2Ti1.8(PO4)3,Not Found,,,
Li1.4Y0.4Ti1.6(PO4)3,Not Found,,,
Li1.3Y0.3Ti1.7(PO4)3,Not Found,,,
Li1.2Fe0.2Ti1.8(PO4)3,Success,mp-1222972,0.0,Li1.2Fe0.2Ti1.8(PO4)3_mp-1222972.cif
Li1.4Sc0.4Ti1.6(PO4)3,Success,mp-695286,0.628393627136075,Li1.4Sc0.4Ti1.6(PO4)3_mp-695286.cif
Li1.2In0.2Ti1.8(PO4)3,Success,mp-683616,0.008645864486304,Li1.2In0.2Ti1.8(PO4)3_mp-683616.cif
Li1.4Fe0.4Ti1.6(PO4)3,Success,mp-1222972,0.0,Li1.4Fe0.4Ti1.6(PO4)3_mp-1222972.cif
Li1.4In0.4Ti1.6(PO4)3,Success,mp-683616,0.008645864486304,Li1.4In0.4Ti1.6(PO4)3_mp-683616.cif
Li1.5In0.5Ti1.5(PO4)3,Success,mp-683616,0.008645864486304,Li1.5In0.5Ti1.5(PO4)3_mp-683616.cif
Li1.5Fe0.5Ti1.5(PO4)3,Success,mp-1222972,0.0,Li1.5Fe0.5Ti1.5(PO4)3_mp-1222972.cif
Li1.4Cr0.4Ti1.6(PO4)3,Success,mp-1223017,0.0,Li1.4Cr0.4Ti1.6(PO4)3_mp-1223017.cif
Li1.5Y0.5Ti1.5(PO4)3,Not Found,,,
Li1.2Cr0.2Ti1.8(PO4)3,Success,mp-1223017,0.0,Li1.2Cr0.2Ti1.8(PO4)3_mp-1223017.cif
Li1.2La0.2Ti1.8(PO4)3,Not Found,,,
Li1.3La0.3Ti1.7(PO4)3,Not Found,,,
Li1.4La0.4Ti1.6(PO4)3,Not Found,,,
Li1.5La0.5Ti1.5(PO4)3,Not Found,,,
LiSn2(PO4)3,Success,mp-554917,0.0,LiSn2(PO4)3_mp-554917.cif
Li1.3Sc0.3Ge1.7(PO4)3,Not Found,,,
Li1.5Ga0.5Ge1.5(PO4)3,Not Found,,,
Li1.3Fe0.3Ge1.7(PO4)3,Not Found,,,
Li1.5Sc0.5Ge1.5(PO4)3,Not Found,,,
Li1.7Fe0.7Ge1.3(PO4)3,Not Found,,,
Li1.7Ga0.7Ge1.3(PO4)3,Not Found,,,
Li1.3In0.3Ge1.7(PO4)3,Not Found,,,
Li1.5In0.5Ge1.5(PO4)3,Not Found,,,
Li1.45Al0.45Ge0.2Ti1.35(PO4)3,Not Found,,,
Li1.40Al0.4Ge0.2Ti1.4(PO4)3,Not Found,,,
Li1.50Al0.50Ge0.2Ti1.3(PO4)3,Not Found,,,
Li1.35Al0.35Ge0.2Ti1.45(PO4)3,Not Found,,,
Li1.55Al0.55Ge0.2Ti1.25(PO4)3,Not Found,,,
Li1.45Al0.45Ti1.55(PO4),Not Found,,,
Li7Ge3PS12,Success,mp-696138,0.0187605339,Li7Ge3PS12_mp-696138.cif
Li3.2PO3.1N0.7,Success,mp-1020011,0.0,Li3.2PO3.1N0.7_mp-1020011.cif
LiFePO4 ,Success,mp-19017,0.0,LiFePO4_mp-19017.cif
Li6PS5Cl,Success,mp-985592,0.08294630153846101,Li6PS5Cl_mp-985592.cif
Li4P2S6,Success,mp-38200,0.121463584900173,Li4P2S6_mp-38200.cif
Li3OBr,Success,mp-28593,0.03706398,Li3OBr_mp-28593.cif
"""(Li2O)50((SeO2)0.5 (B2O3)0.5)50""",Not Found,,,
LiTi2P3O12,Success,mp-18640,0.0,LiTi2P3O12_mp-18640.cif
LiZr2P3O12,Success,mp-10499,0.0,LiZr2P3O12_mp-10499.cif
Li1.6Al0.6Ge1.4 (PO4)3,Not Found,,,
Li6.25PS5.25Cl0.75,Success,mp-1040450,0.016335492291666,Li6.25PS5.25Cl0.75_mp-1040450.cif
Li3.8Ge0.8P0.2O4,Success,mp-541272,0.009428664953696,Li3.8Ge0.8P0.2O4_mp-541272.cif
Li3PO4,Success,mp-13725,0.0,Li3PO4_mp-13725.cif
Li3VO4,Success,mp-19219,0.0,Li3VO4_mp-19219.cif
Li3.2Ge0.2P0.8O4,Success,mp-541272,0.009428664953696,Li3.2Ge0.2P0.8O4_mp-541272.cif
Li3V0.6P0.4O4,Success,mp-6396,0.0,Li3V0.6P0.4O4_mp-6396.cif
Li3P0.2V0.8O4,Success,mp-6396,0.0,Li3P0.2V0.8O4_mp-6396.cif
Li3.6Ge0.6P0.4O4,Success,mp-541272,0.009428664953696,Li3.6Ge0.6P0.4O4_mp-541272.cif
Li3.4Ge0.4P0.6O4,Success,mp-541272,0.009428664953696,Li3.4Ge0.4P0.6O4_mp-541272.cif
Li3.2Ge0.2V0.8O4,Success,mp-559680,0.0101981255625,Li3.2Ge0.2V0.8O4_mp-559680.cif
Li3.6Ge0.6V0.4O4,Success,mp-559680,0.0101981255625,Li3.6Ge0.6V0.4O4_mp-559680.cif
Li3.8Ge0.8V0.2O4,Success,mp-559680,0.0101981255625,Li3.8Ge0.8V0.2O4_mp-559680.cif
Li3.4Ge0.4V0.6O4,Success,mp-559680,0.0101981255625,Li3.4Ge0.4V0.6O4_mp-559680.cif
Li3P0.6V0.4O4,Success,mp-6396,0.0,Li3P0.6V0.4O4_mp-6396.cif
Li4GeO4,Success,mp-4558,0.0,Li4GeO4_mp-4558.cif
Li3P0.8V0.2O4,Success,mp-6396,0.0,Li3P0.8V0.2O4_mp-6396.cif
Li6PS5Br,Success,mp-985591,0.050508101730768,Li6PS5Br_mp-985591.cif
Li6PS5I,Success,mp-950995,0.0021249259615370004,Li6PS5I_mp-950995.cif
Li5PS4(BH4)2,Not Found,,,
"""(Li2S)0.75 (P2S5)0.25""",Not Found,,,
LiBH4,Success,mp-1192133,0.0,LiBH4_mp-1192133.cif
Li0.245La0.592Ti0.98Mn0.02O3,Not Found,,,
La0.55Li0.36Ti0.995Al0.005O3,Not Found,,,
La0.54Li0.36TiO3,Success,mp-9406,0.020434331617655,La0.54Li0.36TiO3_mp-9406.cif
La0.51Li0.36Ti0.95W0.05O3,Not Found,,,
La0.56Li0.36Ti0.95Al0.05O3,Not Found,,,
La0.55Li0.36Ti0.95Ge0.05O3,Not Found,,,
La0.58Li0.36Ti0.95Mg0.05O3,Not Found,,,
La0.55Li0.36Ti0.95Mn0.05O3,Not Found,,,
La0.55Li0.36Ti0.95Ru0.05O3,Not Found,,,
Li0.34La0.51TiO2.94,Success,mp-9406,0.020434331617655,Li0.34La0.51TiO2.94_mp-9406.cif
(La0.5Li0.5)TiO3,Success,mp-9406,0.020434331617655,(La0.5Li0.5)TiO3_mp-9406.cif
Sm0.52Li0.38TiO2.97,Not Found,,,
Li0.10La0.63TiO3,Success,mp-9406,0.020434331617655,Li0.10La0.63TiO3_mp-9406.cif
(La0.5Li0.5)0.75(La0.5Na0.5)0.25TiO3,Success,mp-676447,0.025497709541649,(La0.5Li0.5)0.75(La0.5Na0.5)0.25TiO3_mp-676447.cif
Li0.34Pr0.56TiO3,Not Found,,,
Nd0.55Li0.34TiO3,Success,mp-1105497,0.009516796374995001,Nd0.55Li0.34TiO3_mp-1105497.cif
Li0.5(La0.4Nd0.1)TiO3,Not Found,,,
Li0.34La0.56TiO3,Success,mp-9406,0.020434331617655,Li0.34La0.56TiO3_mp-9406.cif
Nd0.25Li0.25TaO3,Not Found,,,
Li0.25La0.25TaO3,Success,mp-15901,0.042852078211108,Li0.25La0.25TaO3_mp-15901.cif
Li0.5Sr0.5Cr0.25Ta0.75O3,Not Found,,,
Li0.5Sr0.5Fe0.25Ta0.75O3,Not Found,,,
 La0.29Li0.12NbO3,Success,mp-761986,0.053299920227266005,La0.29Li0.12NbO3_mp-761986.cif
La0.283Li0.15NbO3,Success,mp-761986,0.053299920227266005,La0.283Li0.15NbO3_mp-761986.cif
La0.273Li0.18NbO3,Success,mp-761986,0.053299920227266005,La0.273Li0.18NbO3_mp-761986.cif
La0.303Li0.09NbO3,Success,mp-761986,0.053299920227266005,La0.303Li0.09NbO3_mp-761986.cif
La0.313Li0.06NbO3,Success,mp-761986,0.053299920227266005,La0.313Li0.06NbO3_mp-761986.cif
Li0.1Sr0.8Ti0.7Nb0.3O3,Not Found,,,
Li0.3Sr0.6Ti0.20Fe0.30Ta0.5O3,Not Found,,,
Li0.3Sr0.6Ti0.35Fe0.15Ta0.5O3,Not Found,,,
Li0.3Sr0.6Ti0.40Fe0.10Ta0.5O3,Not Found,,,
Li0.3Sr0.6Ti0.45Fe0.05Ta0.5O3,Not Found,,,
Li0.3Sr0.6Ti0.5Ta0.5O3,Not Found,,,
Li0.3Sr0.6Ti0.5Nb0.5O3,Not Found,,,
Li0.25La0.41Sr0.25TiO3,Success,mp-1218768,0.058240624640623004,Li0.25La0.41Sr0.25TiO3_mp-1218768.cif
Li0.15La0.51Sr0.15TiO3,Success,mp-1218768,0.058240624640623004,Li0.15La0.51Sr0.15TiO3_mp-1218768.cif
LiSrTiTaO6,Not Found,,,
LiSr1.65Ti1.3Ta1.7O9,Not Found,,,
LiSr1.65Ti1.3Nb1.7O9,Not Found,,,
LiSr1.65Zr1.3Ta1.7O9,Not Found,,,
LiSr2Ti2TaO9,Not Found,,,
LiSr2Ti2NbO9,Not Found,,,
LiSrTiNbO6,Not Found,,,
LiBa2Ti2NbO9,Success,mp-766208,0.010862537878807001,LiBa2Ti2NbO9_mp-766208.cif
Li0.067La0.64TiO2.99,Success,mp-9406,0.020434331617655,Li0.067La0.64TiO2.99_mp-9406.cif
Li0.25La0.66Ti0.75Al0.25O3,Not Found,,,
Li0.20La0.66Ti0.80Al0.20O3,Not Found,,,
Li0.30La0.66Ti0.70Al0.30O3,Not Found,,,
Li0.15La0.66Ti0.85Al0.15O3,Not Found,,,
Li0.10La0.66Ti0.90Al0.10O3,Not Found,,,
Li0.06La0.66Ti0.93Al0.06O3,Not Found,,,
Li0.27La0.59TiO3,Success,mp-9406,0.020434331617655,Li0.27La0.59TiO3_mp-9406.cif
Li3O(Cl0.5Br0.5),Not Found,,,
Li3OCl,Success,mp-985585,0.029108939500000004,Li3OCl_mp-985585.cif
Li10SnP2S12,Success,mp-721236,0.023375087500000002,Li10SnP2S12_mp-721236.cif
Li0.36La0.55TiO3,Success,mp-9406,0.020434331617655,Li0.36La0.55TiO3_mp-9406.cif
Li1.5Hf1.5Al0.5P3O12,Not Found,,,
"""(Li2S)70 (P2S5)30""",Not Found,,,
Li11AlP2S12,Success,mp-1188124,0.0,Li11AlP2S12_mp-1188124.cif
Li5NI2,Success,mp-675941,0.0,Li5NI2_mp-675941.cif
Li6NBr3,Success,mp-568365,0.014326325875,Li6NBr3_mp-568365.cif
Li4SiO4,Success,mp-11737,0.0,Li4SiO4_mp-11737.cif
Li2Ge7O15,Success,mp-5832,0.050123656249999,Li2Ge7O15_mp-5832.cif
Li3.5Ge0.5V0.5O4,Success,mp-559680,0.0101981255625,Li3.5Ge0.5V0.5O4_mp-559680.cif
LiI,Success,mp-570935,0.0,LiI_mp-570935.cif
Li3P,Success,mp-736,0.0,Li3P_mp-736.cif
Li3Sc2P3O12,Success,mp-6565,0.0,Li3Sc2P3O12_mp-6565.cif
Li5La3Bi2O12,Not Found,,,
LiLa(TiO3)2,Success,mp-767402,0.062276996999997,LiLa(TiO3)2_mp-767402.cif
Li4BN3H10,Success,mp-1201205,0.059164805694446,Li4BN3H10_mp-1201205.cif
Li2NH,Success,mp-1189725,0.0,Li2NH_mp-1189725.cif
Li2Ca(NH)2,Not Found,,,
Li3N,Success,mp-2251,0.0,Li3N_mp-2251.cif
Li13.6Si2.8S1.2O16,Not Found,,,
LiAlH4,Success,mp-27653,0.013086210138888001,LiAlH4_mp-27653.cif
Li4B7O12Cl,Success,mp-1222565,0.005693860312479,Li4B7O12Cl_mp-1222565.cif
Li10.35Si1.35P1.65S12,Success,mp-720509,0.006719743,Li10.35Si1.35P1.65S12_mp-720509.cif
Li9.81Sn0.81P2.19S12,Success,mp-721236,0.023375087500000002,Li9.81Sn0.81P2.19S12_mp-721236.cif
Li5La3Nb2O12,Success,mp-761986,0.053299920227266005,Li5La3Nb2O12_mp-761986.cif
Li14ZnGe4O16,Success,mp-8184,0.0,Li14ZnGe4O16_mp-8184.cif
Li2.88PO3.73N0.14,Success,mp-1020011,0.0,Li2.88PO3.73N0.14_mp-1020011.cif
Li6.35P0.65Si0.35S5Br,Not Found,,,
Li6.50P0.50Si0.50S5Br,Not Found,,,
Li6.20P0.80Si0.20S5Br,Not Found,,,
Li6.30P0.70Si0.30S5Br,Not Found,,,
Li6.25P0.75Si0.25S5Br,Not Found,,,
Li6.12P0.90Si0.12S5Br,Not Found,,,
Li6.22P0.78Si0.22S5Br,Not Found,,,
Li6.17P0.83Si0.17S5Br,Not Found,,,
Li6.13P0.87Si0.13S5Br,Not Found,,,
Li6.08P0.92Si0.08S5Br,Not Found,,,
Li6.02P0.98Si0.02S5 Br,Not Found,,,
Li6.10P0.90Si0.10S5Br,Not Found,,,
Li6.05P0.95Si0.05S5Br,Not Found,,,
Li3.6Si0.6P0.4S4,Success,mp-720509,0.006719743,Li3.6Si0.6P0.4S4_mp-720509.cif
Li4SiS4,Success,mp-1210789,0.0,Li4SiS4_mp-1210789.cif
Li2SiS3,Success,mp-1210789,0.0,Li2SiS3_mp-1210789.cif
Li6.75La3Zr1.75Nb0.25O12 ,Not Found,,,
Li7La3Zr1.89Al0.15O12 ,Not Found,,,
Li6.75La3Zr1.875Te0.125O12 ,Not Found,,,
Li10Ge0.95Si0.05P2S12,Not Found,,,
Li5.5La3Nb1.75In0.25O12 ,Not Found,,,
Li5.5La2.75K0.25Nb2O12 ,Not Found,,,
Li7La3Zr2O12 ,Success,mp-942733,0.006846009531249001,Li7La3Zr2O12_mp-942733.cif
Li7La3Hf2O12,Success,mp-1198622,0.009968351718751,Li7La3Hf2O12_mp-1198622.cif
Li6.25La3Zr2Ga0.25O12,Not Found,,,
Li2.2Zn0.1Zr0.9S3,Not Found,,,
Li4GeS4,Success,mp-1222529,0.0,Li4GeS4_mp-1222529.cif
Li4PS4I,Success,mp-950995,0.0021249259615370004,Li4PS4I_mp-950995.cif
Li6.6La2.75Y0.25Zr1.6Ta0.4O12,Not Found,,,
Li6.6La2.875Y0.125Zr1.6Ta0.4O12 ,Not Found,,,
Li6.6La2.5Y0.5Zr1.6Ta0.4O12 ,Not Found,,,
Li4SnS4,Success,mp-1195718,0.0,Li4SnS4_mp-1195718.cif
Li6.4La3Zr2Ga0.2O12 ,Not Found,,,
Li2SnS3,Success,mp-1190364,0.0006651347916660001,Li2SnS3_mp-1190364.cif
Li3PS4,Success,mp-985583,0.0,Li3PS4_mp-985583.cif
Li6.5La3Nb1.25Y0.75O12 ,Not Found,,,
Li6La3Nb1.5Y0.5O12 ,Not Found,,,
Li6.5La3Zr1.5Ta0.5O12 ,Not Found,,,
Li6.6La3Zr1.6Ta0.4O12 ,Not Found,,,
Li6.7La3Zr1.7Ta0.3O12,Not Found,,,
Li6.2La3Zr1.2Ta0.8O12 ,Not Found,,,
Li6.8La3Zr1.8Ta0.2O12 ,Not Found,,,
Li6La3ZrTaO12 ,Not Found,,,
Li6.6La3Zr1.6Sb0.4O12,Not Found,,,
Li6.4La3Zr1.4Sb0.6O12 ,Not Found,,,
Li6.2La3Zr1.2Sb0.8O12 ,Not Found,,,
Li6La3ZrSbO12 ,Not Found,,,
Li6.8La3Zr1.8Sb0.2O12 ,Not Found,,,
Li5La3Ta2O12 ,Success,mp-559776,0.294818232386356,Li5La3Ta2O12_mp-559776.cif
Li6BaLa2Nb2O12 ,Not Found,,,
Li6SrLa2Nb2O12 ,Success,mp-686239,0.103866922356648,Li6SrLa2Nb2O12_mp-686239.cif
Li6CaLa2Nb2O12,Success,mp-695291,0.116891643897816,Li6CaLa2Nb2O12_mp-695291.cif
Li6.75La3Zr1.75Ta0.25O12 ,Not Found,,,
Li10SiP2S12,Success,mp-720509,0.006719743,Li10SiP2S12_mp-720509.cif
Li5.4La3Nb1.8Y0.75O12,Not Found,,,
"""(Li2O)50 (Al2O5)5 (P2O5)45""",Not Found,,,
"""(Li2O)50 (P2O5)50""",Not Found,,,
"""(Li2S)9(LaOI)""",Not Found,,,
"""(AgI)0.5(LiPO3)0.5""",Not Found,,,
"""(Li2S)2(LaOI)5""",Not Found,,,
"""(Li2S)(LaOI)""",Not Found,,,
Li3.9Zn0.05GeS4,Success,mp-1210804,0.0,Li3.9Zn0.05GeS4_mp-1210804.cif
Li1.6Ti1.7Mg0.3P3O12,Not Found,,,
"""(Li2S)7(LaOI)3""",Not Found,,,
"""(Li0.5La0.5TiO3)94(SiO2)6""",Not Found,,,
"""(Li0.5La0.5TiO3)97(SiO2)3""",Not Found,,,
"""(Li0.5La0.5TiO3)95(SiO2)5""",Not Found,,,
Li4.275Ge0.61Ga0.25S4,Success,mp-554782,0.035432831306818,Li4.275Ge0.61Ga0.25S4_mp-554782.cif
Li1.4Ti1.6In0.4P3O12,Success,mp-683616,0.008645864486304,Li1.4Ti1.6In0.4P3O12_mp-683616.cif
Li1.8Cr0.8Ti1.2(PO4)3,Success,mp-1223017,0.0,Li1.8Cr0.8Ti1.2(PO4)3_mp-1223017.cif
"""((Li2S)0.6 (SiS2)0.4 )95 (Li4SiO4)5""",Not Found,,,
Li6La2Ca(Nb)2O12,Success,mp-695291,0.116891643897816,Li6La2Ca(Nb)2O12_mp-695291.cif
Li6MgLa2Ta2O12,Not Found,,,
Li4.4Al0.4Ge0.6S4,Not Found,,,
Li4.4Al0.4Sn0.6S4,Not Found,,,
Li4.4Ga0.4Ge0.6S4,Success,mp-554782,0.035432831306818,Li4.4Ga0.4Ge0.6S4_mp-554782.cif
Li4.4Ga0.4Sn0.6S4,Not Found,,,
Li5AlS4,Success,mp-1106183,0.0,Li5AlS4_mp-1106183.cif
LiMgPO4,Success,mp-9625,0.0,LiMgPO4_mp-9625.cif
Li0.95Mg0.95In0.05PO4,Not Found,,,
Li0.9Mg0.9In0.1PO4,Not Found,,,
Li0.85Mg0.85In0.15PO4,Not Found,,,
Li0.83Mg0.83In0.17PO4,Not Found,,,
Li3AlS3,Success,mp-1106183,0.0,Li3AlS3_mp-1106183.cif
Li6SiO4Cl2,Not Found,,,
LiTa2PO8,Not Found,,,
Li0.022 La0.118 Ti0.2 Al0.004 O0.631,Not Found,,,
Li2ZrS3,Success,mp-1222722,0.0,Li2ZrS3_mp-1222722.cif
Li0.022 La0.115 Ti0.165 Al0.055 O0.618,Not Found,,,
(YPO4)0.8(Li3PO4)0.2,Success,mp-556861,0.0046906437731550005,(YPO4)0.8(Li3PO4)0.2_mp-556861.cif
 Li0.8La0.066Zr2(PO4)3,Not Found,,,
Li3.09BO2.53N0.52,Not Found,,,
Li5Nd3Sb2O12,Not Found,,,
Li5La3Sb2O12,Success,mp-775628,0.056708977840909,Li5La3Sb2O12_mp-775628.cif
LiAlSi2O6,Success,mp-1222469,0.0016197218333360002,LiAlSi2O6_mp-1222469.cif
"""(Li2O)16.6 (SiO2)83.4""",Not Found,,,
Li3Fe2P3O12,Success,mp-25993,0.005395784999999,Li3Fe2P3O12_mp-25993.cif
Li2.9Sc1.9Zr0.1(PO4)3,Not Found,,,
Li1.9Mg0.1TiO3.05,Success,mp-774752,0.0,Li1.9Mg0.1TiO3.05_mp-774752.cif
(YPO4)0.9(Li3PO4)0.1,Success,mp-556861,0.0046906437731550005,(YPO4)0.9(Li3PO4)0.1_mp-556861.cif
(YPO4)0.7(Li3PO4)0.3,Success,mp-556861,0.0046906437731550005,(YPO4)0.7(Li3PO4)0.3_mp-556861.cif
(YPO4)0.5(Li3PO4)0.5,Success,mp-556861,0.0046906437731550005,(YPO4)0.5(Li3PO4)0.5_mp-556861.cif
LiGaSiO4,Success,mp-18147,0.0,LiGaSiO4_mp-18147.cif
Li0.68Ga0.68Si2.33O6,Success,mp-16996,0.0,Li0.68Ga0.68Si2.33O6_mp-16996.cif
Li0.96Ga0.96Si2.04O6,Success,mp-16996,0.0,Li0.96Ga0.96Si2.04O6_mp-16996.cif
Li4Al0.33Si0.33P0.33O4,Not Found,,,
Li4Al0.33Si0.17Ge0.17P0.33O4,Not Found,,,
Li4.25Si0.75Al0.25O4,Success,mp-1020023,0.0,Li4.25Si0.75Al0.25O4_mp-1020023.cif
Li3.75Si0.75P0.25O4,Success,mp-1239225,0.06590102264705801,Li3.75Si0.75P0.25O4_mp-1239225.cif
LiCaTiNbO6,Not Found,,,
Li3Cr(MoO4)3,Success,mp-1191696,0.016150373749999,Li3Cr(MoO4)3_mp-1191696.cif
Li2Mg2(MoO4)3,Not Found,,,
Li3Fe(MoO4)3,Success,mp-1222986,0.01784787967105,Li3Fe(MoO4)3_mp-1222986.cif
Li6FeCl8,Success,mp-28828,0.038830568999999,Li6FeCl8_mp-28828.cif
Li4.8Si0.2Al0.8S4,Not Found,,,
Li3.6Ge0.4P0.6S4,Success,mp-696138,0.0187605339,Li3.6Ge0.4P0.6S4_mp-696138.cif
Li3.35Ge0.35P0.65S4,Success,mp-696138,0.0187605339,Li3.35Ge0.35P0.65S4_mp-696138.cif
Li6NiCl8,Success,mp-1211124,0.0,Li6NiCl8_mp-1211124.cif
Li6CoCl8,Success,mp-505391,0.030867146666667,Li6CoCl8_mp-505391.cif
LiF,Success,mp-1138,0.0,LiF_mp-1138.cif
